genotype,population,year,StandCountMetric,TotalCount,PeakCount,PeakDAP,StartCount,EndCount,StartDAP,EndDAP,Duration,LastEffectiveFlowerCount,LastEffectiveFlowerPercent,ElongationPct,FiberStrength,FiberUniformityIndexPct,LintPct,LintYield,MicronaireUnits,SeedYield,ShortFiberContentPct,UpperHalfMeanLen
'992204105002,Training,2024,6.657207706333333,317.6666666666667,84.33333333333333,90,15.883333333333333,301.7833333333333,71,105.33333333333333,34.333333333333336,301,0.9414484363933392,6.866666666666666,31.3,85.86666666666666,42.77666666666667,1290.95,4.653333333333333,8224.333333333334,5.1,1.1906666666666668
'992204105004,Training,2024,5.896932094333334,407,113,88.66666666666667,20.35,386.65,69.33333333333333,106.66666666666667,37.333333333333336,380.6666666666667,0.9353201096597322,7.866666666666667,30.333333333333332,85.3,43.233333333333334,1310.5533333333333,5.223333333333334,8270,5.766666666666667,1.1136666666666666
'992204105006,Training,2024,0.8295655866666667,199.33333333333334,74.66666666666667,95,9.966666666666667,189.36666666666667,74,103,29,189.66666666666666,0.9474740488520016,NA,NA,NA,NA,NA,NA,2177,NA,NA
'992204105007,Training,2024,6.775002796666667,436.6666666666667,130,95,21.833333333333336,414.8333333333333,71,106.66666666666667,35.666666666666664,405.3333333333333,0.9266745816931479,5.8,32.46666666666667,85.3,42.99666666666667,1299.8066666666666,4.776666666666666,8255,5.6,1.2376666666666667
'992204105009,Training,2024,5.542402631666667,360.6666666666667,65.66666666666667,88,18.033333333333335,342.6333333333333,68.33333333333333,108,39.666666666666664,326,0.9003844512393714,6.266666666666667,30.833333333333332,85.36666666666667,44.873333333333335,1094.16,5.12,6652,5.466666666666667,1.2023333333333333
'992204105010,Training,2024,6.144086983666667,405.6666666666667,102.66666666666667,86.33333333333333,20.283333333333335,385.3833333333333,71,103,32,387.6666666666667,0.952671789924497,6.4,31.666666666666668,85.86666666666666,43.69,1272.25,4.569999999999999,7937.333333333333,4.833333333333333,1.2506666666666666
'992204105011,Training,2024,6.184336232,402.6666666666667,122.33333333333333,95,20.133333333333333,382.5333333333333,69.33333333333333,106.66666666666667,37.333333333333336,376,0.9270202430517177,7.066666666666666,32.266666666666666,85.36666666666666,43.08,1188.1633333333334,5.026666666666666,7529,4.933333333333334,1.2326666666666666
'992204105012,Training,2024,7.089396203333333,343.6666666666667,107.66666666666667,94.33333333333333,17.183333333333334,326.48333333333335,72,105.33333333333333,33.333333333333336,325.3333333333333,0.9382225038877066,6.766666666666667,32.233333333333334,86,40.07666666666667,1315.9433333333334,5.0600000000000005,8965.666666666666,5.166666666666667,1.2063333333333333
'992204105014,Training,2024,3.8007782839999997,434.3333333333333,102.66666666666667,93.66666666666667,21.716666666666665,412.6166666666667,71,106.66666666666667,35.666666666666664,399.6666666666667,0.9154063227940453,6.866666666666666,30.566666666666666,86.66666666666667,41.27333333333333,643.7,5.093333333333334,4233,5.666666666666667,1.2133333333333334
'992204105015,Training,2024,5.106776077666667,439.3333333333333,116.66666666666667,96,21.966666666666665,417.3666666666667,73,105.66666666666667,32.666666666666664,413.6666666666667,0.9338973644994641,7.1,31.033333333333335,84.96666666666667,43.663333333333334,993.8233333333334,5.096666666666667,6183.666666666667,5.2,1.1456666666666666
'992204105017,Training,2024,4.448629656666666,501.6666666666667,194.33333333333334,91.33333333333333,25.083333333333336,476.5833333333333,74.33333333333333,99.33333333333333,25,480.3333333333333,0.9598569029136693,6.5,31.9,85.26666666666667,40.026666666666664,916.9466666666666,4.403333333333333,6244,5.333333333333333,1.2226666666666666
'992204105019,Training,2024,5.893131230333333,449,133,90.66666666666667,22.45,426.55,75.33333333333333,103,27.666666666666668,425.3333333333333,0.9395749504255917,6.433333333333334,33.733333333333334,87.66666666666667,40.81666666666666,1121.3133333333333,4.74,7498.666666666667,4.566666666666666,1.2576666666666667
'992204105020,Training,2024,5.739932467666667,471.6666666666667,126.33333333333333,87.66666666666667,23.583333333333336,448.0833333333333,69.33333333333333,105.33333333333333,36,432,0.9039323842929156,6.8,30.866666666666667,86.16666666666667,42.50666666666667,1277.24,4.6899999999999995,8239.666666666666,5.3999999999999995,1.1956666666666667
'992204105021,Training,2024,6.882722558666667,392.6666666666667,112,90,19.633333333333333,373.0333333333333,72,103,31,374.6666666666667,0.9494504140662418,6.8,30.433333333333334,85.36666666666666,42.96,1147.2066666666667,4.53,7287,5.033333333333333,1.2506666666666666
'992204105022,Training,2024,5.861882990333333,486.6666666666667,158.66666666666666,90.66666666666667,24.333333333333332,462.3333333333333,69.33333333333333,105.33333333333333,36,447.6666666666667,0.9037134561673758,5.966666666666667,33.46666666666667,85.5,43.016666666666666,1298.1833333333334,4.8933333333333335,8239.666666666666,5.733333333333333,1.1936666666666667
'992204105025,Training,2024,5.482764098,527.3333333333334,112.66666666666667,89.33333333333333,26.366666666666667,500.96666666666664,70.33333333333333,104.33333333333333,34,492.6666666666667,0.9205530005211661,7.833333333333333,29.166666666666668,85.26666666666667,41.77666666666667,1170.3433333333332,5.116666666666667,7650,5.5,1.151
'992204105026,Training,2024,6.316346058,343.6666666666667,69,85,17.183333333333334,326.48333333333335,68.33333333333333,103,34.666666666666664,329,0.956257079296267,7.2,30.566666666666666,85,41.07333333333333,1270.03,4.423333333333334,8466.333333333334,5.866666666666666,1.212
'992204105027,Training,2024,5.618640520666666,379,107.66666666666667,89.33333333333333,18.95,360.05,72,102,30,358,0.944776135772295,7.433333333333334,33.13333333333333,85.83333333333333,45.71333333333333,1312.8366666666666,5.06,7831.333333333333,5.3,1.195
'992204105029,Training,2024,5.608933152666666,296.6666666666667,54.666666666666664,85,14.833333333333334,281.8333333333333,71,108,37,271.6666666666667,0.9137933392706988,6.7,33.333333333333336,84.63333333333333,43.053333333333335,1204.9866666666667,4.926666666666667,7635,5.5,1.1676666666666666
'992204105030,Training,2024,5.938126557333334,454.6666666666667,118.66666666666667,92,22.733333333333334,431.9333333333333,73,104.33333333333333,31.333333333333332,427.3333333333333,0.9385744720871224,6.533333333333333,32.96666666666666,85.73333333333333,43.26,1363.1599999999999,4.763333333333333,8602.666666666666,5.133333333333334,1.215
'992204105031,Training,2024,6.09128303,466.6666666666667,120.33333333333333,95,23.333333333333336,443.3333333333333,72,103,31,438,0.9366969648423974,6.6,32.56666666666667,86.7,42.95,1235.6399999999999,5.026666666666667,7846.666666666667,4.533333333333333,1.2103333333333333
'992204105032,Training,2024,6.830329430333333,418,100.33333333333333,90.66666666666667,20.9,397.09999999999997,72,106.66666666666667,34.666666666666664,397.6666666666667,0.9408780818733425,6.5,31.066666666666666,84.13333333333334,39.78,1144.2366666666667,4.54,7831.666666666667,6.366666666666667,1.1813333333333333
'992204105036,Training,2024,5.109110573,378.6666666666667,99,87.66666666666667,18.933333333333334,359.7333333333333,73,108,35,357.3333333333333,0.9372796057926273,7.4,29.833333333333332,85.2,43.79666666666667,972.66,5.003333333333333,6017,5.666666666666667,1.152
'992204105037,Training,2024,5.288070082333333,401,115,87.66666666666667,20.05,380.95,71,100.66666666666667,29.666666666666668,388,0.966235573349882,7.066666666666666,30.266666666666666,84.83333333333333,43.446666666666665,1253.3733333333332,4.88,7846.333333333333,5.3999999999999995,1.19
'992204105039,Training,2024,6.6682772906666665,400,96.66666666666667,86.33333333333333,20,380,73,104.33333333333333,31.333333333333332,373.6666666666667,0.9329256720876582,6.6,32.83333333333333,85.6,43.32333333333333,1336.6366666666665,5.263333333333334,8421.333333333334,5.366666666666666,1.2036666666666667
'992204105041,Training,2024,5.213660195,363,75.66666666666667,92.33333333333333,18.15,344.85,69.33333333333333,106.66666666666667,37.333333333333336,337.3333333333333,0.9259969746974697,6.766666666666667,30.133333333333333,85.46666666666667,44.62,736.9566666666667,4.773333333333333,4459.666666666667,5.233333333333333,1.235
'992204105042,Training,2024,5.9758467946666665,395.6666666666667,82.66666666666667,86.33333333333333,19.783333333333335,375.8833333333333,66.66666666666667,110.33333333333333,43.666666666666664,364.3333333333333,0.9181060790625558,6.666666666666667,29.8,85.43333333333334,43.550000000000004,1265,4.78,7922,5.466666666666667,1.2236666666666667
'992204105044,Training,2024,6.964978116333333,457,137.66666666666666,88.66666666666667,22.85,434.15,68.33333333333333,106.66666666666667,38.333333333333336,432.3333333333333,0.937096251174992,7.8,30.066666666666666,84.63333333333334,45.75333333333333,1157.95,4.926666666666667,6879,5.933333333333334,1.1623333333333334
'992204105046,Training,2024,6.628697047,351.6666666666667,74,88,17.583333333333332,334.0833333333333,69.33333333333333,108,38.666666666666664,323.6666666666667,0.9120031279923874,6.666666666666667,31.1,86.03333333333333,43.276666666666664,829.42,4.55,5185.333333333333,5.133333333333334,1.2193333333333334
'992204105047,Training,2024,3.8020046516666666,422.6666666666667,124.66666666666667,95,21.133333333333333,401.5333333333333,73,104.33333333333333,31.333333333333332,391.3333333333333,0.9108932517634747,6.433333333333334,29.9,86.2,45.14,946.9366666666666,4.773333333333333,5714.666666666667,5.233333333333333,1.1946666666666668
'992204105051,Training,2024,6.135736587666667,502,141.33333333333334,92,25.1,476.9,70.33333333333333,103,32.666666666666664,479.6666666666667,0.94904026469159,7.166666666666667,30.366666666666667,85.46666666666667,44.92,1049.72,5.006666666666667,6365,5.866666666666666,1.2176666666666667
'992204105052,Training,2024,6.014723160333333,370.3333333333333,98.33333333333333,88,18.516666666666666,351.81666666666666,72,109,37,338.3333333333333,0.9098873741828598,6.666666666666667,31.3,85.53333333333333,43.00666666666667,1077.6466666666668,4.786666666666667,6848.666666666667,5.566666666666666,1.1863333333333332
'992204105054,Training,2024,7.786699354,505,173.66666666666666,90.66666666666667,25.25,479.75,71,106.66666666666667,35.666666666666664,470.3333333333333,0.9151097691012188,7.466666666666667,31.03333333333333,84.9,40.67,1246.75,5.046666666666667,8376,5.333333333333334,1.1443333333333334
'992204105055,Training,2024,7.623897474666667,421.3333333333333,102.66666666666667,90.66666666666667,21.066666666666666,400.26666666666665,72,106.66666666666667,34.666666666666664,386.3333333333333,0.9135231623135905,7,30.6,85.1,45.22,1394.4333333333334,5.1033333333333335,8421,5.7,1.1620000000000001
'992204105056,Training,2024,5.350772764,323,65.66666666666667,88,16.15,306.84999999999997,63,110.33333333333333,47.333333333333336,289.3333333333333,0.8950080389823527,6.766666666666667,30.333333333333332,84.3,41.339999999999996,667.4733333333334,4.233333333333333,4338.666666666667,6.433333333333334,1.1963333333333332
'992204105057,Training,2024,5.363563062333333,513.3333333333334,201,86.33333333333333,25.666666666666668,487.66666666666663,72,106.66666666666667,34.666666666666664,479,0.9255519240174844,6.833333333333333,29.933333333333334,83.8,43.67,1182.4666666666667,5.2299999999999995,7378,6.466666666666667,1.0803333333333334
'992204105059,Training,2024,6.690313728333333,351.6666666666667,99.33333333333333,85,17.583333333333336,334.0833333333333,72,108,36,329,0.9285034061158264,6.3,31.9,85.66666666666666,39.15,1156.7066666666667,4.57,8073.333333333333,5.733333333333333,1.2006666666666668
'992204105061,Training,2024,6.713502073,503.3333333333333,128,92,25.166666666666668,478.16666666666663,73,100.66666666666667,27.666666666666668,493.6666666666667,0.9773264483096618,6.466666666666667,31.26666666666667,86,42.806666666666665,1179.64,5.05,7514,5.433333333333334,1.2186666666666668
'992204105062,Training,2024,6.50355652,398.3333333333333,90.33333333333333,92.33333333333333,19.916666666666668,378.41666666666663,70.33333333333333,108,37.666666666666664,364,0.9052682444022537,7.366666666666666,29.2,85.43333333333334,41.583333333333336,1188.73,4.996666666666666,7816.666666666667,5.333333333333333,1.195
'992204105064,Training,2024,6.6134362520000005,481.6666666666667,106.66666666666667,87.66666666666667,24.083333333333332,457.5833333333333,68.33333333333333,108,39.666666666666664,430.3333333333333,0.8866003818547582,6.733333333333333,31.066666666666666,86.2,42.70333333333333,1027.01,4.766666666666667,6561.666666666667,4.833333333333333,1.1756666666666666
'992204105066,Training,2024,4.713547361,611,230.33333333333334,87.66666666666667,30.55,580.4499999999999,71,105.33333333333333,34.333333333333336,578,0.9392854975152688,6.8,30.966666666666665,85.3,42.583333333333336,818.2266666666667,5,5215.666666666667,5.666666666666667,1.192
'992204105067,Training,2024,1.5864676336666668,325.6666666666667,108.33333333333333,86.33333333333333,16.283333333333335,309.3833333333333,72,107.66666666666667,35.666666666666664,301,0.8886845185551034,6.566666666666666,32.1,84.93333333333334,43.196666666666665,619.72,5.03,3810,5.566666666666666,1.1793333333333333
'992204105069,Training,2024,7.1431582019999995,422.3333333333333,123.33333333333333,85,21.116666666666667,401.21666666666664,69.33333333333333,108,38.666666666666664,389.6666666666667,0.9122555556898565,6.633333333333334,31.466666666666665,85.1,44.38,1102.6599999999999,5.173333333333333,6788.333333333333,5.833333333333333,1.1686666666666667
'992204105070,Training,2024,6.355276742,444.6666666666667,126.33333333333333,90.66666666666667,22.233333333333334,422.43333333333334,73,103,30,416.3333333333333,0.9322745815691763,7.433333333333334,31.066666666666666,86.16666666666667,41.4,1573.3433333333335,4.6066666666666665,10371.333333333334,5.066666666666666,1.2436666666666667
'992204105071,Training,2024,6.284037895333333,361.3333333333333,66.66666666666667,85,18.066666666666666,343.26666666666665,73,103,30,339,0.9332383696578419,6.466666666666667,32.16666666666667,86.06666666666666,41.93333333333334,1399.8733333333334,5.05,9117,5.4,1.2103333333333333
'992204105072,Training,2024,5.815358335,398,103,89.33333333333333,19.9,378.1,69.33333333333333,104.33333333333333,35,375,0.933146416976993,7.466666666666667,30.666666666666668,85.53333333333333,41.70333333333333,964.0433333333333,5.013333333333334,6289.333333333333,5.266666666666667,1.1973333333333334
'992204105074,Training,2024,6.5433205580000005,403,98,92.33333333333333,20.150000000000002,382.84999999999997,72,103,31,381,0.941103137436668,8.133333333333333,28.433333333333334,85.26666666666667,41.163333333333334,1517.78,4.626666666666667,10099.333333333334,4.766666666666667,1.2706666666666666
'992204105075,Training,2024,4.659864034333333,370.6666666666667,91.33333333333333,85,18.533333333333335,352.1333333333333,72,104.33333333333333,32.333333333333336,351.3333333333333,0.9366207031570507,6.6,30.966666666666665,85.2,45.61666666666667,1162.3933333333332,4.79,6939.666666666667,5.633333333333333,1.169
'992204105077,Training,2024,1.8650185876666667,440,119,93.66666666666667,22,418,74.33333333333333,103,28.666666666666668,416,0.9363264229937466,7.033333333333333,32.13333333333333,86.43333333333334,41.303333333333335,655.65,4.85,4308.666666666667,5.066666666666666,1.2093333333333334
'992204105079,Training,2024,6.696387208666667,446.6666666666667,110.33333333333333,86.66666666666667,22.333333333333332,424.3333333333333,68.33333333333333,108,39.666666666666664,414.6666666666667,0.9205901882363108,6.633333333333333,30.666666666666668,84.56666666666666,39.2,1204.1666666666667,4.423333333333333,8375.666666666666,6.266666666666667,1.172
'992204105081,Training,2024,5.228287318,339.3333333333333,64.66666666666667,93.66666666666667,16.96666666666667,322.3666666666667,71,105.33333333333333,34.333333333333336,315.3333333333333,0.9249900281808248,6.8,30.766666666666666,85.86666666666666,42.21666666666667,1199.4533333333334,4.926666666666667,7801.333333333333,5.3,1.1973333333333334
'992204105082,Training,2024,5.179095351,354.3333333333333,75.66666666666667,93,17.71666666666667,336.6166666666666,69.33333333333333,108,38.666666666666664,326.6666666666667,0.9206255178777273,6.666666666666667,30.666666666666664,85.16666666666667,42.06666666666667,1064.85,4.946666666666666,6969.666666666667,5.366666666666666,1.23
'992204105084,Training,2024,5.480174678333333,533.6666666666666,169.33333333333334,90.66666666666667,26.683333333333334,506.9833333333333,73,103,30,507,0.940383114153606,6.8,31.733333333333334,85.06666666666666,43.57666666666667,1266.4566666666667,5.156666666666666,7937.333333333333,5.166666666666667,1.215
'992204105086,Training,2024,6.943940815666666,427.6666666666667,142.66666666666666,87.66666666666667,21.383333333333333,406.2833333333333,69.33333333333333,105.66666666666667,36.333333333333336,396,0.9111197740788769,6.8,30.566666666666666,85.1,43.06,1142.6333333333332,4.886666666666667,7242,5.333333333333333,1.1863333333333335
'992204105087,Training,2024,7.142423791,416.3333333333333,86.66666666666667,89.33333333333333,20.816666666666666,395.51666666666665,69.33333333333333,106.66666666666667,37.333333333333336,390,0.9265068747677443,6.5,31.333333333333332,85.53333333333333,42.980000000000004,1275.12,4.536666666666667,8103.666666666667,5.666666666666667,1.1986666666666668
'992204105089,Training,2024,6.298831394,318.3333333333333,54.666666666666664,88.66666666666667,15.916666666666666,302.41666666666663,68.33333333333333,106.66666666666667,38.333333333333336,295,0.9273893054604646,7.133333333333333,34.53333333333333,85.33333333333333,43.94,1132.2766666666666,5.236666666666666,7015,5.133333333333333,1.1493333333333333
'992204105090,Training,2024,0.516721373,233.33333333333334,91.33333333333333,92,11.666666666666668,221.66666666666666,78.66666666666667,99.33333333333333,20.666666666666668,221,0.9517538590335747,6.9,31.3,85.1,37,NA,3.15,NA,3.8,1.365
'992204105091,Training,2024,3.9887708030000004,362.6666666666667,91.66666666666667,90,18.133333333333333,344.5333333333333,72,106.66666666666667,34.666666666666664,333.6666666666667,0.9183694794532233,7.066666666666666,31.1,86.2,41.85666666666667,885.6833333333333,4.746666666666667,5760,4.8,1.247
'992204105092,Training,2024,6.1513849836666665,425.3333333333333,142.66666666666666,89.33333333333333,21.266666666666666,404.06666666666666,73,100.66666666666667,27.666666666666668,406,0.9533277638540797,7.066666666666666,30.53333333333333,85.7,42.55,1088.5966666666668,4.4399999999999995,6969.666666666667,5.766666666666667,1.2046666666666666
'992204105094,Training,2024,6.010964047,353.6666666666667,101.66666666666667,88,17.683333333333334,335.98333333333335,73,105.66666666666667,32.666666666666664,332,0.93637068540802,6.7,32.86666666666667,85.13333333333334,44.78,1446.4866666666667,5.093333333333334,8829.666666666666,5.666666666666666,1.167
'992204105099,Training,2024,4.606776995666666,411,124.66666666666667,86.33333333333333,20.55,390.45,69.33333333333333,104.33333333333333,35,385.6666666666667,0.9342822143912823,7.6,29,83.7,43.24333333333333,981.6333333333333,4.953333333333333,6153.333333333333,6.833333333333333,1.1966666666666668
'992204105100,Training,2024,3.6023133213333334,391.3333333333333,109,95,19.566666666666666,371.76666666666665,73,104.33333333333333,31.333333333333332,365,0.9332459926667594,7.333333333333333,29.833333333333332,84.9,39.97,1001.2233333333334,5.113333333333333,6818.333333333333,5.466666666666667,1.118
'992204105101,Training,2024,5.9389921396666665,310.3333333333333,77,88,15.516666666666667,294.81666666666666,68.33333333333333,108,39.666666666666664,279.6666666666667,0.9024709766724358,6.266666666666667,30.866666666666667,85.36666666666666,42.089999999999996,910.5366666666666,5.223333333333334,5880.666666666667,5.166666666666667,1.2046666666666668
'992204105102,Training,2024,6.575984175,404.6666666666667,100.66666666666667,86.33333333333333,20.233333333333334,384.43333333333334,72,104.33333333333333,32.333333333333336,377.6666666666667,0.9352431211043327,6.166666666666667,31.933333333333334,85.9,42.76,1126.9866666666667,4.706666666666667,7211.666666666667,5.5,1.2113333333333334
'992204105104,Training,2024,6.361960002333333,361.3333333333333,79,90.66666666666667,18.066666666666666,343.26666666666665,69.33333333333333,109.33333333333333,40,332.6666666666667,0.9123532345572918,6.9,30.73333333333333,85.5,41.98,1237.81,4.633333333333334,8043.333333333333,5.333333333333334,1.2429999999999999
'992204105105,Training,2024,5.942763033666667,385.3333333333333,96.33333333333333,93,19.266666666666666,366.06666666666666,73,110.33333333333333,37.333333333333336,350.6666666666667,0.9036069732512195,7.433333333333334,30.566666666666666,84.7,42.09,1318.8433333333335,5.076666666666666,8587.666666666666,5.5,1.1823333333333332
'992204105107,Training,2024,6.757944399,384.3333333333333,117,89.33333333333333,19.21666666666667,365.1166666666666,69.33333333333333,106.66666666666667,37.333333333333336,356.3333333333333,0.9126327909365172,7.733333333333333,29.733333333333334,85.86666666666666,39.089999999999996,894.71,4.616666666666666,6229,5.166666666666666,1.2586666666666666
'992204105109,Training,2024,6.115500542666667,403,124,94.33333333333333,20.150000000000002,382.84999999999997,74,105.33333333333333,31.333333333333332,373.3333333333333,0.9137227037151308,7.166666666666667,31.233333333333334,85.83333333333333,43.11666666666667,1117.2733333333333,4.873333333333333,7060.333333333333,5.733333333333333,1.1956666666666667
'992204105110,Training,2024,5.589450520333333,522.3333333333334,185.66666666666666,92,26.116666666666667,496.21666666666664,73,103,30,493.6666666666667,0.9317646137390849,7.7,30,85.86666666666666,45,1486.76,5.073333333333333,9026,5.066666666666666,1.1543333333333332
'992204105111,Training,2024,7.305577212,307.3333333333333,77.33333333333333,89.33333333333333,15.366666666666667,291.96666666666664,71,111.66666666666667,40.666666666666664,272,0.8830477479024064,7.366666666666666,31.1,86.46666666666667,41,777.8166666666666,4.733333333333333,5155.333333333333,4.8,1.1876666666666666
'992204105114,Training,2024,6.3454113696666665,455.6666666666667,163.66666666666666,89,22.783333333333335,432.8833333333333,73,100.66666666666667,27.666666666666668,437.3333333333333,0.9565857105311911,6.5,29.833333333333332,84.36666666666666,45.84,1405.9,4.943333333333333,8360.666666666666,6.066666666666666,1.214
'992204105115,Training,2024,5.771916227666667,378.3333333333333,81.33333333333333,88,18.916666666666668,359.41666666666663,68.33333333333333,106.66666666666667,38.333333333333336,354.3333333333333,0.9296896918507043,6.666666666666667,30.9,83.76666666666667,43.846666666666664,1014.7800000000001,4.973333333333334,6304.333333333333,6.5,1.145
'992204105116,Training,2024,5.424540287666667,582.3333333333334,258.6666666666667,86.33333333333333,29.116666666666667,553.2166666666667,72,101.66666666666667,29.666666666666668,563.6666666666666,0.9608465952467384,6.1000000000000005,32.03333333333333,85.5,43.85333333333333,1236.6866666666667,5.236666666666667,7680.333333333333,5.433333333333334,1.2213333333333334
'992204105117,Training,2024,4.889773157666666,493,178,87.66666666666667,24.650000000000002,468.34999999999997,74,103,29,470.6666666666667,0.9521932437743525,6.933333333333334,31.26666666666667,84.96666666666667,43.71666666666667,1395.2466666666667,5.403333333333333,8738.666666666666,6.033333333333333,1.1893333333333334
'992204105120,Training,2024,5.749074624666667,408.3333333333333,123,82.66666666666667,20.416666666666668,387.91666666666663,69.33333333333333,104.33333333333333,35,389.3333333333333,0.9439548878069854,6.933333333333334,32.7,86.2,41.35333333333333,988.0466666666667,4.859999999999999,6470.666666666667,4.866666666666666,1.2226666666666668
'992204105121,Training,2024,6.2844914266666665,428,96.33333333333333,90.66666666666667,21.4,406.59999999999997,71,108,37,392.6666666666667,0.9071961281336401,7.5,28.733333333333334,86,43.49333333333333,1277.6833333333334,5.053333333333334,8013,5.633333333333333,1.211
'992204105122,Training,2024,7.164973798,484.3333333333333,141.66666666666666,93,24.216666666666665,460.1166666666667,73,103,30,452,0.9270209720897405,6.833333333333334,31.233333333333334,85.36666666666666,43.193333333333335,1396.33,5.109999999999999,8829.333333333334,5.233333333333333,1.2343333333333333
'992204105124,Training,2024,6.947957338,503,165.66666666666666,88.66666666666667,25.150000000000002,477.84999999999997,72,105.66666666666667,33.666666666666664,475.6666666666667,0.9424397171326776,8.166666666666666,30.433333333333334,84.76666666666667,44.59,1243.96,5.093333333333334,7605,5.533333333333333,1.2423333333333333
'992204105127,Training,2024,3.482254946,407,116.33333333333333,90.66666666666667,20.35,386.65,73,104.33333333333333,31.333333333333332,381,0.9282549961608966,6.766666666666667,30.566666666666666,83.66666666666667,42.79333333333333,911.2433333333333,5.183333333333334,5805.333333333333,5.733333333333333,1.095
'992204105129,Training,2024,4.617113471,472.6666666666667,174,86.33333333333333,23.633333333333333,449.0333333333333,74,100.66666666666667,26.666666666666668,458,0.9678266504961711,6.2,32,85.66666666666667,44.00666666666667,1348.9633333333334,4.776666666666666,8375.666666666666,4.833333333333333,1.2536666666666667
'992204105130,Training,2024,6.04046899,416.3333333333333,107.33333333333333,93.66666666666667,20.816666666666666,395.51666666666665,72,106.66666666666667,34.666666666666664,388.3333333333333,0.9313817773984526,6.666666666666667,31.066666666666666,86.66666666666666,43.916666666666664,908.44,4.956666666666666,5624,4.933333333333334,1.2236666666666667
'992204105131,Training,2024,4.403983984333333,507.6666666666667,179,89.33333333333333,25.383333333333333,482.2833333333333,73,101.66666666666667,28.666666666666668,485,0.9487814796916211,6.533333333333333,31.666666666666664,85.33333333333333,41.906666666666666,1165.4833333333333,4.983333333333333,7605,5.466666666666667,1.1906666666666668
'992204105132,Training,2024,6.876015013333333,369.6666666666667,120.33333333333333,89.33333333333333,18.483333333333334,351.18333333333334,73,103,30,350,0.9391029054237329,6.533333333333333,30.3,85.1,42.38,1224.8866666666665,4.636666666666667,7891.666666666667,5.8,1.2136666666666667
'992204105134,Training,2024,4.965277161333334,386,94.33333333333333,89.33333333333333,19.3,366.7,72,111.66666666666667,39.666666666666664,343,0.888920601001483,6.8,31.96666666666667,86.23333333333333,43.473333333333336,1159.71,4.6466666666666665,7287,5.466666666666667,1.1886666666666668
'992204105135,Training,2024,7.2145198766666665,518,197,89,25.900000000000002,492.09999999999997,74,103,29,492.3333333333333,0.9473972186398771,7.833333333333334,29.066666666666666,85.63333333333334,43.69,1228.4666666666667,4.953333333333333,7665.333333333333,5.833333333333333,1.174
'992204105137,Training,2024,6.1730400770000005,344,112.33333333333333,98,17.2,326.8,71,106.66666666666667,35.666666666666664,308.3333333333333,0.892057239057239,6.433333333333334,32.766666666666666,86.5,44.74,1387.2366666666667,4.783333333333333,8481.666666666666,4.966666666666667,1.2466666666666666
'992204105139,Training,2024,6.497085766333333,292.6666666666667,57.666666666666664,89.33333333333333,14.633333333333333,278.0333333333333,71,106.66666666666667,35.666666666666664,273,0.9320869325562716,7.066666666666666,31.566666666666666,85.76666666666667,43.71666666666667,1198.7833333333333,4.636666666666667,7484,4.366666666666666,1.2993333333333332
'992204105141,Training,2024,6.549823200333333,393.6666666666667,97,89.33333333333333,19.683333333333334,373.9833333333333,72,104.33333333333333,32.333333333333336,369.3333333333333,0.9346914322054759,6.133333333333334,32,86.63333333333334,42.28,1321.1766666666667,4.9,8557.333333333334,4.866666666666666,1.248
'992204105144,Training,2024,5.969976049666666,385,121.33333333333333,85,19.25,365.75,72,108,36,355.3333333333333,0.914060624533462,6.333333333333333,31.96666666666667,85.63333333333333,41.09,940.1433333333333,4.99,6228.666666666667,5.4,1.192
'992204105146,Training,2024,6.580829261333333,362.6666666666667,94.66666666666667,91.66666666666667,18.133333333333333,344.5333333333333,72,102,30,345,0.951581312297297,7.966666666666667,28.7,85.43333333333334,41.97,1355.44,5.033333333333333,8814,5.633333333333333,1.1986666666666665
'992204105147,Training,2024,4.836129316333333,456.3333333333333,130.33333333333334,85,22.816666666666666,433.51666666666665,69.33333333333333,104.33333333333333,35,430,0.9421170015732836,6.2,33.06666666666666,86.03333333333333,42.32,1235.21,4.91,7967.666666666667,5.2,1.205
'992204105149,Training,2024,6.611424984,569.3333333333334,190.33333333333334,87.66666666666667,28.46666666666667,540.8666666666666,73,105.33333333333333,32.333333333333336,530.3333333333334,0.9098212161108634,6.933333333333334,30.533333333333335,84.7,44.00333333333333,1198.53,5.06,7423,5.8999999999999995,1.1216666666666666
'992204105150,Training,2024,5.869002614333334,415.3333333333333,128.33333333333334,85,20.766666666666666,394.56666666666666,71.66666666666667,105.33333333333333,33.666666666666664,394.3333333333333,0.9417633848101128,6.866666666666667,31.2,85.26666666666667,42.45333333333333,1197.4566666666667,4.41,7710.666666666667,5.233333333333333,1.1896666666666667
'992204105155,Training,2024,6.618358802333334,580,166.33333333333334,87.66666666666667,29,551,71,103,32,553,0.9490793150836783,7.166666666666667,31.666666666666668,86.13333333333333,43.03333333333333,1524.6166666666666,5.153333333333333,9691.333333333334,5.2,1.2116666666666667
'992204105156,Training,2024,5.375241636999999,358.6666666666667,76.33333333333333,91,17.933333333333334,340.73333333333335,68.33333333333333,110.33333333333333,42,328.3333333333333,0.9136720086501746,7.5,30.433333333333334,86.13333333333334,39.77666666666667,698.6566666666666,4.843333333333334,4777.666666666667,4.933333333333334,1.1873333333333334
'992204105157,Training,2024,4.785222972,462.6666666666667,157.33333333333334,90.66666666666667,23.133333333333336,439.5333333333333,73,104.33333333333333,31.333333333333332,435,0.9409877485143086,6.4,32.63333333333333,86.2,43.09666666666667,1229.5266666666666,4.83,7786,5.166666666666667,1.244
'992204105159,Training,2024,6.668058800333333,413.3333333333333,117.33333333333333,95,20.666666666666664,392.6666666666667,73,103,30,394.3333333333333,0.9457997460459144,7.333333333333333,32.36666666666667,84.86666666666666,44.13,1031.64,5.2,6380.333333333333,5.433333333333334,1.1386666666666667
'992204105160,Training,2024,7.235209969333333,535.6666666666666,197,92,26.783333333333335,508.8833333333333,73,105.33333333333333,32.333333333333336,502,0.9291943406958126,7.266666666666667,31.566666666666666,85.9,40.760000000000005,1067.94,4.653333333333333,7166.333333333333,4.9,1.1993333333333334
'992204105161,Training,2024,5.194484271333333,480,147.33333333333334,86.33333333333333,24,456,72,104.33333333333333,32.333333333333336,456.3333333333333,0.9460914802670025,6.733333333333333,33.46666666666667,86.83333333333333,41.550000000000004,1201.0466666666666,4.733333333333333,7892,5.033333333333333,1.2343333333333333
'992204105162,Training,2024,6.298954763333334,385.6666666666667,110,86.33333333333333,19.283333333333335,366.3833333333333,71,100.66666666666667,29.666666666666668,367,0.9500279876464847,6.566666666666666,31.4,85.73333333333333,42.49333333333333,1214.8266666666668,5.036666666666667,7801.333333333333,5.5,1.1663333333333332
'992204105164,Training,2024,6.0251675103333335,373.6666666666667,104,95,18.683333333333334,354.98333333333335,72,103,31,350.3333333333333,0.9255564071992278,7.3,31.05,85.35,42.105000000000004,1312.6599999999999,4.779999999999999,8255,5.1,1.1995
'992204105165,Training,2024,5.494465172,583.3333333333334,178.33333333333334,86.33333333333333,29.166666666666668,554.1666666666666,72,103,31,555,0.9427974543425788,6.966666666666667,30.1,85.43333333333334,45.11333333333334,1193.1866666666667,5.163333333333333,7226.666666666667,5.666666666666667,1.1663333333333332
'992204105167,Training,2024,4.882637150666667,372.6666666666667,107.33333333333333,83.66666666666667,18.633333333333333,354.0333333333333,71,108,37,349.6666666666667,0.9369242219754383,6.266666666666667,30.933333333333334,84.33333333333333,42.47,942.0333333333333,4.609999999999999,6032,6.233333333333333,1.185
'992204105169,Training,2024,7.044696550666666,400.3333333333333,103.66666666666667,90.66666666666667,20.016666666666666,380.31666666666666,70.33333333333333,101.66666666666667,31.333333333333332,381.3333333333333,0.9521255635231083,7.2,30.900000000000002,84.7,44.54,1481.4366666666667,5.193333333333333,9071.333333333334,5.9,1.1823333333333332
'992204105170,Training,2024,6.971730892666667,535.3333333333334,163,89,26.766666666666666,508.56666666666666,74,104.33333333333333,30.333333333333332,506,0.9474253850160845,6.366666666666666,31.266666666666666,86,44.31333333333333,1201.2766666666666,4.933333333333334,7378,5.633333333333334,1.232
'992204105171,Training,2024,5.4022200263333335,424.6666666666667,126.66666666666667,87.66666666666667,21.233333333333334,403.43333333333334,72,104.33333333333333,32.333333333333336,403,0.9464582971190969,6.233333333333333,32.6,85.83333333333333,45.406666666666666,1325.55,5.17,7952.666666666667,5.6,1.1626666666666667
'992204105172,Training,2024,5.744340237666667,356.3333333333333,85,87.66666666666667,17.816666666666666,338.51666666666665,73,105.33333333333333,32.333333333333336,338,0.9448449423375745,6.6,29.633333333333333,85.46666666666667,43.19,1229.0633333333333,5,7771,5.6,1.1913333333333334
'992204105174,Training,2024,5.039642504333333,480,141.66666666666666,88.66666666666667,24,456,72,106.66666666666667,34.666666666666664,440.6666666666667,0.9150274584123412,6.9,29.933333333333334,86.03333333333333,41.88333333333333,1138.92,4.89,7423.333333333333,5.066666666666666,1.2143333333333333
'992204105177,Training,2024,6.0504062339999996,408,126,90.66666666666667,20.4,387.59999999999997,71,100.66666666666667,29.666666666666668,389,0.9521098365251385,6.3,34.1,86.13333333333333,44.67,1186.9066666666668,5.1066666666666665,7211.666666666667,5.433333333333334,1.192
'992204105179,Training,2024,8.077183610666667,310,69.66666666666667,94,15.5,294.5,71,101.66666666666667,30.666666666666668,295.3333333333333,0.9403219105676008,6.7,31.9,85.96666666666667,43.083333333333336,1369.55,4.876666666666667,8678.333333333334,5.733333333333333,1.228
'992204105180,Training,2024,5.143205142333334,409.3333333333333,104,90.33333333333333,20.46666666666667,388.8666666666667,71,104.33333333333333,33.333333333333336,392.6666666666667,0.9577020895542547,7.966666666666667,33.46666666666667,85.5,44.346666666666664,906.9066666666666,5.176666666666667,5563.666666666667,5.3,1.1816666666666666
'992204105181,Training,2024,5.899277065666666,345.6666666666667,93,92.33333333333333,17.283333333333335,328.3833333333333,68.33333333333333,108,39.666666666666664,317.3333333333333,0.915952249721001,7.266666666666667,31.233333333333334,86.4,41.27333333333333,1166.1433333333334,4.826666666666667,7740.666666666667,5.4,1.2033333333333334
'992204105182,Training,2024,5.860560418,434.3333333333333,117.66666666666667,92,21.71666666666667,412.6166666666666,72,100.66666666666667,28.666666666666668,418,0.959165837728097,7.466666666666667,32,85.96666666666667,41.92,1451.7966666666666,5.09,9479.666666666666,5.266666666666667,1.193
'992204105184,Training,2024,6.053954350666666,504.6666666666667,171.33333333333334,90,25.233333333333334,479.43333333333334,74.33333333333333,104.33333333333333,30,474.3333333333333,0.9359418709157261,7.466666666666667,31.099999999999998,85.1,45.46666666666666,1311.1266666666668,4.92,7892.333333333333,5.966666666666667,1.1826666666666668
'992204105186,Training,2024,6.725915329333334,512.6666666666666,155,92,25.633333333333333,487.03333333333336,72,103,31,483,0.9346707432886294,6.8,31.03333333333333,85.53333333333333,42.38666666666666,1067.9866666666667,4.673333333333334,6864,4.8,1.1946666666666668
'992204105187,Training,2024,6.6792141696666665,482.6666666666667,133,89,24.133333333333333,458.5333333333333,73,99.33333333333333,26.333333333333332,468.6666666666667,0.9689139919677051,6.266666666666667,33.4,86.9,44.336666666666666,1407.5766666666666,4.986666666666666,8663,4.5,1.2203333333333333
'992204105190,Training,2024,5.728004934333334,453.6666666666667,137.33333333333334,93.66666666666667,22.683333333333334,430.9833333333333,75.33333333333333,104.33333333333333,29,425,0.9310216193302246,6.3,30.900000000000002,86.06666666666666,41.82,1228.8233333333333,4.83,7998,5.2,1.2176666666666667
'992204105191,Training,2024,4.8403823169999995,402.3333333333333,98,86.33333333333333,20.116666666666667,382.21666666666664,71,109,38,373.6666666666667,0.9296602838209622,6.266666666666667,34.766666666666666,86.13333333333333,42.480000000000004,1233.57,5.286666666666667,7907,5.133333333333334,1.1896666666666667
'992204105192,Training,2024,5.1504319123333335,476.3333333333333,110.66666666666667,89.33333333333333,23.816666666666666,452.51666666666665,72,104.33333333333333,32.333333333333336,453.3333333333333,0.9425699432941558,6.266666666666667,33.46666666666667,86.56666666666666,43.86,1198.5366666666666,4.84,7453.333333333333,5,1.2333333333333334
'992204105194,Training,2024,7.666899302666667,526,174,92,26.3,499.7,70.33333333333333,104.33333333333333,34,493.3333333333333,0.9181224303270022,6.066666666666666,32,85.56666666666666,43.29666666666667,1178.8,4.993333333333333,7408.333333333333,5.833333333333333,1.234
F4 2022 003,Testing,2024,5.555519604,499.6666666666667,129.33333333333334,92,24.983333333333334,474.68333333333334,74,102,28,474.3333333333333,0.9470928626671086,7.6000000000000005,30.7,85.7,44.43,1002.2633333333333,5.283333333333333,6138.333333333333,5.066666666666666,1.249
F4 2022 014,Testing,2024,6.3325220390000005,403,76,86,20.15,382.85,68.33333333333333,103,34.666666666666664,384.3333333333333,0.9537303988431555,6.733333333333333,31.233333333333334,86.93333333333334,43.31,1129.5700000000002,4.716666666666667,7105.666666666667,4.3,1.2913333333333332
F4 2022 015,Testing,2024,6.942060716666666,481.3333333333333,161,87.66666666666667,24.066666666666666,457.26666666666665,74,105.33333333333333,31.333333333333332,454.6666666666667,0.9378889430768644,7.133333333333334,32.16666666666667,85.4,43.986666666666665,1015.67,4.933333333333334,6274,5.066666666666666,1.184
F4 2022 017,Testing,2024,6.091062091333333,467,161.66666666666666,95,23.35,443.65,71,106.66666666666667,35.666666666666664,426,0.8985531360225583,7.166666666666667,31.866666666666667,86.13333333333334,44.67,1205.5966666666668,5.136666666666667,7332.666666666667,5.066666666666666,1.2456666666666667
F4 2022 020,Testing,2024,4.603681744666667,363,116.66666666666667,90.66666666666667,18.15,344.85,73,108,35,330.3333333333333,0.9123227839232858,7.4,32.46666666666667,86.36666666666667,44.39333333333333,879.5166666666667,5.086666666666667,5397.333333333333,5.266666666666667,1.2013333333333334
F4 2022 022,Testing,2024,6.684680599666667,401.3333333333333,126.33333333333333,92,20.066666666666666,381.26666666666665,72,106.66666666666667,34.666666666666664,371.3333333333333,0.9168021751963071,6.466666666666667,31.76666666666667,87,42.800000000000004,1296.61,5.203333333333333,8255,4.666666666666667,1.2496666666666667
F4 2022 023,Testing,2024,7.180747043666667,607.3333333333334,219,92,30.366666666666667,576.9666666666667,72,103,31,571.3333333333334,0.9368388467558106,6.866666666666666,32.13333333333333,86.2,44.35333333333333,1351.1799999999998,5.18,8300.333333333334,5.233333333333333,1.212
F4 2022 024,Testing,2024,6.500650233333333,533.6666666666666,190,92,26.683333333333334,506.9833333333333,72,104.33333333333333,32.333333333333336,505,0.9312136096864807,6.433333333333334,31.6,85.86666666666666,44.803333333333335,1146.42,5.223333333333334,6985,5.033333333333333,1.1866666666666665
F4 2022 032,Testing,2024,2.0225634169999998,374,93.66666666666667,98,18.7,355.29999999999995,72,109,37,338.6666666666667,0.9019583496911555,7.033333333333333,31.933333333333334,85.60000000000001,43.09,506.01666666666665,5.013333333333334,3159.3333333333335,5.066666666666666,1.2266666666666666
F4 2022 034,Testing,2024,5.803304331,423.3333333333333,134.33333333333334,86.33333333333333,21.166666666666668,402.16666666666663,71,104.33333333333333,33.333333333333336,400,0.9410908340164758,6.3,32.6,85.3,45.12,1347.2433333333333,5.036666666666667,8149,5.2,1.2406666666666666
F4 2022 036,Testing,2024,6.342544612,501.3333333333333,156,95,25.066666666666666,476.26666666666665,74,103,29,478,0.9490771282255057,6.9,29.733333333333334,85.9,43.32666666666667,1414.5866666666666,4.79,8920,5.466666666666667,1.2293333333333334
F4 2022 038,Testing,2024,5.21746727,573.3333333333334,191,87.66666666666667,28.666666666666668,544.6666666666666,72,103,31,549.6666666666666,0.9549714225038168,6.533333333333333,30.833333333333332,84.63333333333334,45.61333333333334,1401.2033333333334,4.93,8376,5.6,1.206
F4 2022 039,Testing,2024,5.831821807333333,406.6666666666667,114.33333333333333,95,20.333333333333336,386.3333333333333,72,105.66666666666667,33.666666666666664,381,0.9326395728953079,6.266666666666667,32.86666666666667,86.6,45.586666666666666,1413.4433333333334,5.006666666666667,8451.333333333334,4.8999999999999995,1.236
F4 2022 040,Testing,2024,5.369925831333334,421,91.33333333333333,88.66666666666667,21.05,399.95,73,100.66666666666667,27.666666666666668,405.6666666666667,0.9614504076708967,6.533333333333333,31.433333333333334,84.7,43.69,1278.59,5.136666666666667,7952.666666666667,5.866666666666667,1.227
F4 2022 041,Testing,2024,5.829042872666666,541.6666666666666,151,88.66666666666667,27.083333333333336,514.5833333333333,73,103,30,509.6666666666667,0.9413054769474433,7.233333333333333,31.233333333333334,85.96666666666667,43.7,1521.6933333333334,4.9,9525.333333333334,4.7,1.2563333333333333
F4 2022 042,Testing,2024,3.5578256673333333,405.3333333333333,134.66666666666666,90.66666666666667,20.266666666666666,385.06666666666666,68.33333333333333,105.33333333333333,37,368.3333333333333,0.8989353445920096,6.766666666666667,32.96666666666667,85.23333333333333,44.00666666666667,807.72,4.956666666666667,5004.333333333333,5.633333333333334,1.179
F4 2022 051,Testing,2024,4.663020377,269.6666666666667,53,83.66666666666667,13.483333333333334,256.18333333333334,68.33333333333333,104.33333333333333,36,250.33333333333334,0.9225182404502216,7,33.233333333333334,86.23333333333333,44.693333333333335,1171.2633333333333,5.046666666666667,7166,5.366666666666666,1.221
F4 2022 052,Testing,2024,4.950653136,572.3333333333334,188.33333333333334,92,28.616666666666667,543.7166666666667,71,101.66666666666667,30.666666666666668,542.6666666666666,0.9413923844972232,6.766666666666667,30.333333333333332,85.03333333333333,45.61666666666667,1296.2166666666667,4.8100000000000005,7741,5.866666666666667,1.1863333333333332
F4 2022 062,Testing,2024,4.507891339666667,499.3333333333333,172.33333333333334,86.33333333333333,24.96666666666667,474.3666666666666,73,104.33333333333333,31.333333333333332,475.6666666666667,0.9410738622590193,6.633333333333333,32.7,85.23333333333333,44.73,1102.8899999999999,4.906666666666666,6743,5.6,1.2133333333333334
F4 2022 063,Testing,2024,5.581601600666667,420,137.66666666666666,90.66666666666667,21,399,72,103,31,398,0.9360594262661878,6.2,32.1,86.33333333333333,43.660000000000004,1376.9766666666667,4.926666666666667,8617.666666666666,4.966666666666667,1.2563333333333333
F4 2022 066,Testing,2024,6.256582134666667,393,126.66666666666667,90.66666666666667,19.650000000000002,373.34999999999997,74,103,29,374,0.9538706372605873,6.566666666666666,32.233333333333334,86.1,45.873333333333335,1477.9366666666667,4.903333333333333,8799,5.266666666666667,1.204
F4 2022 067,Testing,2024,0.609278174,294.3333333333333,100.33333333333333,94.33333333333333,14.716666666666667,279.6166666666667,78.66666666666667,104.33333333333333,25.666666666666668,274.3333333333333,0.9291180832132223,7,30.2,85.4,44.02,NA,4.29,NA,4.9,1.273
F4 2022 068,Testing,2024,5.350111099333333,415.6666666666667,146.66666666666666,90.66666666666667,20.783333333333335,394.8833333333333,73,108,35,389.3333333333333,0.9285941014918783,6.6,31.633333333333333,86.23333333333333,44.82,1108.23,5.1033333333333335,6758,5.466666666666667,1.1906666666666668
F4 2022 069,Testing,2024,6.172141408666667,422.3333333333333,148,93,21.116666666666667,401.21666666666664,71,103,32,398.3333333333333,0.9395000974596516,6.1,31.833333333333332,85.93333333333334,44.766666666666666,1263.4866666666667,5.0600000000000005,7695.333333333333,5.366666666666666,1.1933333333333334
F4 2022 072,Testing,2024,6.953566764333333,382.3333333333333,107,90.66666666666667,19.116666666666667,363.21666666666664,72,106.66666666666667,34.666666666666664,360.3333333333333,0.9418040405171869,6.133333333333334,33.1,85.60000000000001,44.79666666666667,1430.2066666666667,4.963333333333334,8723.333333333334,5.5,1.1756666666666666
F4 2022 074,Testing,2024,5.1845348,414,112.66666666666667,90,20.7,393.29999999999995,73,100.66666666666667,27.666666666666668,398,0.9601810924366392,6.233333333333333,31.96666666666667,84.66666666666667,44.09,1383.6933333333334,4.796666666666667,8572.333333333334,5.666666666666667,1.202
F4 2022 079,Testing,2024,5.662437497333333,260.3333333333333,46.666666666666664,91,13.016666666666667,247.31666666666666,71,104.33333333333333,33.333333333333336,244,0.9379454744659483,6.533333333333333,33.3,86.36666666666666,44.88,1349.8066666666666,4.75,8209.333333333334,5.166666666666666,1.2113333333333334
F4 2022 083,Testing,2024,6.125435921333334,551,197,95,27.55,523.4499999999999,74,103,29,526.3333333333334,0.9485922029373682,6.233333333333333,31.333333333333336,85.76666666666667,44.63666666666666,1517.0633333333333,4.89,9298.333333333334,5.466666666666667,1.2329999999999999
F4 2022 087,Testing,2024,6.273039741333333,350,86,88.66666666666667,17.5,332.5,69.33333333333333,102,32.666666666666664,332.3333333333333,0.9497730397250441,7.3,31.833333333333332,86.2,44.06666666666667,1145.5966666666668,4.883333333333334,7060.333333333333,5.266666666666667,1.231
F4 2022 088,Testing,2024,5.555693894333333,538.3333333333334,190.33333333333334,89,26.916666666666668,511.4166666666667,72,100.66666666666667,28.666666666666668,518,0.9585332436355214,7.066666666666666,32.43333333333333,86.8,43.96333333333333,1173.84,5.1899999999999995,7287.333333333333,4.6,1.2603333333333333
F4 2022 095,Testing,2024,5.156537325333333,401.6666666666667,83.33333333333333,83.66666666666667,20.083333333333332,381.5833333333333,68.33333333333333,106.66666666666667,38.333333333333336,375.6666666666667,0.9250513427895173,7,32.7,85.63333333333333,43.653333333333336,1075.0966666666666,5.343333333333333,6712.666666666667,5.4,1.184
F4 2022 106,Testing,2024,7.875230696666667,481,124,88.66666666666667,24.05,456.95,69.33333333333333,103,33.666666666666664,461.6666666666667,0.9570530972638925,6.5,33.699999999999996,86.3,45.303333333333335,1369.5733333333333,5.113333333333333,8255,5,1.2333333333333334
F4 2022 118,Testing,2024,5.200509569,442.3333333333333,88.66666666666667,86.33333333333333,22.116666666666667,420.21666666666664,68.33333333333333,103,34.666666666666664,423,0.9525663029430809,6.166666666666667,30.633333333333333,85.8,44.343333333333334,1276.6666666666667,4.6033333333333335,7862,5.433333333333334,1.2016666666666667
F4 2022 124,Testing,2024,7.074207996666667,489,158,93,24.45,464.55,72,104.33333333333333,32.333333333333336,463.3333333333333,0.9370478156803359,6.133333333333334,32.33333333333333,86.06666666666666,44.24333333333333,1318.87,4.693333333333333,8134,4.9,1.267
F4 2022 152,Testing,2024,4.879898334,479,156.33333333333334,95,23.95,455.05,72,100.66666666666667,28.666666666666668,453.3333333333333,0.946230093818788,6.766666666666667,32.1,86.13333333333333,44.10333333333333,1471.41,4.766666666666667,9117,5.133333333333334,1.2316666666666667
F4 2022 153,Testing,2024,5.207858148,520,153.33333333333334,86.33333333333333,26,494,69.33333333333333,104.33333333333333,35,489,0.9254561371542503,7.166666666666667,31.3,86.43333333333334,44.18,920.4366666666666,5.136666666666667,5684.333333333333,5.133333333333333,1.222
F4 2022 158,Testing,2024,6.748392648333333,469,137.33333333333334,92,23.45,445.55,73,102,29,441,0.9398220047304928,6.733333333333333,29.599999999999998,85.83333333333333,41.96,1202.1666666666667,4.93,7801.333333333333,5.366666666666667,1.2443333333333333
F4 2022 166,Testing,2024,6.3945700070000004,549.6666666666666,177.33333333333334,86.33333333333333,27.483333333333334,522.1833333333333,69.33333333333333,108,38.666666666666664,519.6666666666666,0.9276010287155798,6.466666666666667,32.7,86.1,42.653333333333336,1071.4433333333332,5.14,6864,5.366666666666666,1.2206666666666668
F4 2022 169,Testing,2024,4.316299979666667,525.3333333333334,154,89.33333333333333,26.26666666666667,499.06666666666666,71,104.33333333333333,33.333333333333336,498.3333333333333,0.9463066864279929,6.633333333333334,32.13333333333333,86.23333333333333,43.56333333333333,1004.0933333333334,5.153333333333333,6289.333333333333,4.8,1.2593333333333334
F4 2022 187,Testing,2024,5.2754934743333335,501.6666666666667,172.66666666666666,89.33333333333333,25.083333333333336,476.5833333333333,65.66666666666667,103,37.333333333333336,479,0.9472933589465491,6.333333333333333,32.16666666666667,85.73333333333333,45.946666666666665,1253.4166666666667,5.093333333333333,7438.666666666667,5.2,1.2293333333333334
F4 2022 188,Testing,2024,5.3568281073333335,405.6666666666667,105.33333333333333,90.66666666666667,20.283333333333335,385.3833333333333,73,105.33333333333333,32.333333333333336,376.3333333333333,0.9140558368265375,6.766666666666667,31.333333333333332,85.96666666666667,44.986666666666665,1271.9333333333334,4.996666666666667,7710.333333333333,4.766666666666667,1.247
F4 2022 189,Testing,2024,6.625288968666666,517,181.66666666666666,89,25.85,491.15,73,99.33333333333333,26.333333333333332,499.3333333333333,0.9623477432849631,6.766666666666667,30.866666666666667,86.2,45.47,1364.7033333333334,5.016666666666667,8194.333333333334,5.4,1.224
F4 2022 194,Testing,2024,4.945362014333333,449,130,92,22.450000000000003,426.54999999999995,73,100.66666666666667,27.666666666666668,432.6666666666667,0.9597645739039176,6.833333333333334,32.53333333333333,86.8,42.096666666666664,1184.9833333333333,5.083333333333333,7695.666666666667,4.666666666666667,1.246
F4 2022 196,Testing,2024,4.798992412,300.6666666666667,112.66666666666667,92.33333333333333,15.033333333333333,285.6333333333333,74.33333333333333,110.33333333333333,36,264.6666666666667,0.8827012837651136,6.866666666666666,31.633333333333333,85.36666666666666,44.9,1177.5700000000002,4.633333333333333,7166,5.666666666666667,1.2006666666666668
F4 2022 207,Testing,2024,6.590356999,367.6666666666667,92,92.33333333333333,18.383333333333333,349.2833333333333,72,108,36,335.3333333333333,0.9076490875252485,6.733333333333333,31.46666666666667,84.23333333333333,44.95666666666667,1160.9666666666667,4.95,7045.666666666667,5.5,1.1873333333333334
F4 2022 208,Testing,2024,5.944441845,349.6666666666667,68.66666666666667,89.33333333333333,17.483333333333334,332.18333333333334,71,109.33333333333333,38.333333333333336,314.6666666666667,0.8993355544181847,6.666666666666667,31.3,86.1,43.72,1136.3366666666666,4.903333333333333,7091,5.366666666666666,1.2296666666666667
F4 2022 209,Testing,2024,6.762117885333334,462.3333333333333,142.33333333333334,85,23.116666666666667,439.2166666666667,69.33333333333333,104.33333333333333,35,439,0.9425311620206042,7.2,31.566666666666666,86.13333333333334,44.836666666666666,1052.4766666666667,4.86,6365,5.266666666666667,1.1786666666666668
F4 2022 214,Testing,2024,6.300990983666667,447.6666666666667,130.66666666666666,89.33333333333333,22.383333333333333,425.2833333333333,73,103,30,425.3333333333333,0.9482682354316597,7.6,30.233333333333334,85.23333333333333,42.95,1238.9933333333333,5.053333333333334,7861.666666666667,5.5,1.2196666666666667
F4 2022 216,Testing,2024,6.146751986333333,316.3333333333333,79.66666666666667,92.33333333333333,15.816666666666666,300.51666666666665,68.33333333333333,108,39.666666666666664,287.6666666666667,0.9113337093303254,7.1,32.6,86.46666666666667,43.97,1137.4,4.723333333333334,7045.333333333333,4.5,1.2776666666666667
F4 2022 217,Testing,2024,6.831062527333334,366.6666666666667,72.33333333333333,94.33333333333333,18.333333333333332,348.3333333333333,72,106.66666666666667,34.666666666666664,340.3333333333333,0.9208156380831902,7.3,29.96666666666667,85.33333333333333,44.660000000000004,1171.59,4.776666666666666,7151.333333333333,5.433333333333334,1.2223333333333333
F4 2022 219,Testing,2024,5.2563998949999995,429,96,98,21.45,407.54999999999995,72,109,37,393,0.9089902930005721,6.866666666666666,30.6,85.53333333333333,42.833333333333336,1104.7833333333333,4.7,7045.333333333333,5.033333333333333,1.2409999999999999
F4 2022 221,Testing,2024,7.508849637,485.3333333333333,151.33333333333334,86.33333333333333,24.266666666666666,461.06666666666666,73,103,30,460,0.9469988815707717,6.966666666666667,31.733333333333334,85.7,44.20333333333333,1295.6499999999999,4.8999999999999995,7998,5.1,1.2123333333333333
F4 2022 224,Testing,2024,4.3326150000000005,434.6666666666667,115.33333333333333,95,21.733333333333334,412.93333333333334,72,109,37,394.6666666666667,0.9006681840844212,7.8,32.03333333333333,86.3,38.42333333333333,782.83,5.11,5548.333333333333,4.933333333333334,1.2136666666666667
F4 2022 227,Testing,2024,7.805688981666667,363.3333333333333,107.33333333333333,87.66666666666667,18.166666666666668,345.16666666666663,72,108,36,335.3333333333333,0.9131975952258944,7.3,31.566666666666666,84.86666666666667,45.74333333333333,1172.7866666666666,4.916666666666667,6985,5.466666666666667,1.1846666666666665
F4 2022 231,Testing,2024,5.847618929,472.3333333333333,144.33333333333334,89.33333333333333,23.616666666666667,448.71666666666664,73,100.66666666666667,27.666666666666668,448,0.9473667764922653,6.933333333333333,31.233333333333334,86.10000000000001,44.06666666666667,1276.5366666666666,4.9366666666666665,7907,5.066666666666666,1.2586666666666666
F4 2022 234,Testing,2024,7.127928405333333,573,160.33333333333334,94.33333333333333,28.650000000000002,544.35,74,104.33333333333333,30.333333333333332,535.6666666666666,0.9320026061453839,7.466666666666667,30.633333333333333,85.8,43.653333333333336,1327.7466666666667,5,8300,5.133333333333334,1.2386666666666668
F4 2022 236,Testing,2024,0.26578631566666666,263.6666666666667,105,90,13.183333333333334,250.48333333333332,86.33333333333333,101.66666666666667,15.333333333333334,257,0.9433210373351218,7,31.75,86.30000000000001,41.61,NA,4.5649999999999995,NA,4.5,1.2839999999999998
F4 2022 246,Testing,2024,6.6371295413333335,375,111.66666666666667,90.66666666666667,18.75,356.25,73,105.66666666666667,32.666666666666664,340,0.9036215089695565,6.966666666666667,29.833333333333332,86.13333333333333,44.056666666666665,1042.24,4.6000000000000005,6455.666666666667,4.533333333333333,1.2776666666666667
F4 2022 251,Testing,2024,3.6661960870000003,527.6666666666666,195.66666666666666,92,26.383333333333333,501.2833333333333,75.33333333333333,106.66666666666667,31.333333333333332,481.3333333333333,0.8895415243131147,6.6,30.3,85.6,43.669999999999995,1410.8633333333332,4.673333333333333,8784.333333333334,4.866666666666667,1.2466666666666666
F4 2022 274,Testing,2024,6.388804219666667,434,138.33333333333334,87.66666666666667,21.7,412.3,73,102,29,405.6666666666667,0.9342015843114208,6.666666666666667,31.900000000000002,86.3,44.833333333333336,1198.8766666666666,4.983333333333333,7287.333333333333,5.2,1.209
F4 2022 279,Testing,2024,7.750354102333333,367.6666666666667,93.66666666666667,90,18.383333333333333,349.2833333333333,71,106.66666666666667,35.666666666666664,339.3333333333333,0.9170844767072694,6.533333333333333,31.7,85.8,44.18666666666667,1284.79,4.683333333333334,7937.333333333333,4.833333333333333,1.2593333333333334
F4 2022 300,Testing,2024,5.191992687333333,346,103.33333333333333,83.66666666666667,17.3,328.7,67.33333333333333,105.33333333333333,38,329.3333333333333,0.9452955108518538,6.333333333333333,33.8,85.7,44.47666666666667,1109.9033333333334,5.29,6788,5.033333333333333,1.184
F4 2022 301,Testing,2024,7.218917089333333,548.3333333333334,168.66666666666666,89.33333333333333,27.416666666666664,520.9166666666666,72,99.33333333333333,27.333333333333332,527.3333333333334,0.9648363918194903,6.166666666666667,31.666666666666668,86.13333333333333,44.10333333333333,1269.7933333333333,5.073333333333333,7861.666666666667,5.2,1.2436666666666667
F4 2022 303,Testing,2024,6.1971464303333335,568,192.33333333333334,87.66666666666667,28.4,539.5999999999999,72,108,36,522.3333333333334,0.9153357830689114,6.166666666666667,32,85,47.22666666666667,1310.1799999999998,4.9366666666666665,7559.333333333333,5.733333333333333,1.1946666666666668
F4 2022 305,Testing,2024,5.187375313333334,411,95.33333333333333,91.33333333333333,20.55,390.45,72,106.66666666666667,34.666666666666664,390.3333333333333,0.9451788202304945,6.333333333333333,30.966666666666665,84.8,45.406666666666666,1184.9933333333333,4.956666666666667,7121,5.3,1.2193333333333334
F4 2022 308,Testing,2024,6.7773310963333335,524.6666666666666,126.33333333333333,94.33333333333333,26.233333333333334,498.43333333333334,72,100.66666666666667,28.666666666666668,500.6666666666667,0.9523162971920445,6.7,31.4,84.63333333333334,43.97666666666667,1144.4066666666668,4.996666666666667,7106,5.533333333333333,1.212
F4 2022 312,Testing,2024,4.947345783333334,410,104,93.66666666666667,20.5,389.49999999999994,72,104.33333333333333,32.333333333333336,382.6666666666667,0.9303380462004021,6.433333333333333,31.466666666666665,85.76666666666667,43.82,1321.27,4.943333333333333,8224.666666666666,4.833333333333333,1.2530000000000001
F4 2022 315,Testing,2024,5.991639448,448.3333333333333,91.66666666666667,85,22.416666666666664,425.9166666666667,68.33333333333333,106.66666666666667,38.333333333333336,420.6666666666667,0.9344471172829382,6.533333333333333,31.5,84.73333333333333,45.413333333333334,1423.7833333333333,5.01,8542,5.866666666666666,1.218
F4 2022 316,Testing,2024,7.538449538,414.3333333333333,100.66666666666667,87.66666666666667,20.71666666666667,393.6166666666666,72,104.33333333333333,32.333333333333336,391,0.940924404203336,6.8,30.866666666666667,84.3,45.026666666666664,1266.53,4.89,7665,5.5,1.228
F4 2022 320,Testing,2024,6.686349256,370.3333333333333,88.33333333333333,85,18.516666666666666,351.8166666666666,68.33333333333333,110.33333333333333,42,337.3333333333333,0.9060447260912553,6.166666666666667,31.633333333333333,85.8,43.593333333333334,1155.2833333333333,4.86,7242,5.333333333333333,1.232
F4 2022 322,Testing,2024,6.009745422666667,331,64.33333333333333,90.33333333333333,16.55,314.45,71,106.66666666666667,35.666666666666664,308.6666666666667,0.9283507552884152,6.5,31.1,85,42.47666666666667,971.4833333333333,4.723333333333334,6274.333333333333,5.566666666666666,1.2273333333333334
F4 2022 324,Testing,2024,6.162378812333333,456.6666666666667,99.33333333333333,92,22.833333333333336,433.8333333333333,71,108,37,427,0.9302917620839378,6.766666666666667,32.266666666666666,85.66666666666667,45.49333333333333,1163.9966666666667,4.876666666666667,6969.666666666667,5.2,1.2266666666666666
F4 2022 326,Testing,2024,5.760201898333333,384.3333333333333,102,92,19.216666666666665,365.1166666666667,65.66666666666667,106.66666666666667,41,358.3333333333333,0.9269120645934886,6.966666666666667,32.333333333333336,86.33333333333333,43.98666666666667,1088.04,4.62,6727.666666666667,5.1000000000000005,1.2363333333333333
F4 2022 328,Testing,2024,7.232343258666667,348.6666666666667,84,90.66666666666667,17.433333333333334,331.23333333333335,68.33333333333333,105.33333333333333,37,326,0.9279387006185659,6.4,31.6,86.56666666666666,42.22,787.8033333333333,4.4366666666666665,5064.666666666667,4.566666666666666,1.2816666666666667
F4 2022 333,Testing,2024,6.578757536,404.6666666666667,138.33333333333334,86.33333333333333,20.233333333333334,384.4333333333333,72,99.33333333333333,27.333333333333332,389.6666666666667,0.9621426216228485,6.533333333333333,33.666666666666664,86.4,44.29,1298.9833333333333,4.753333333333334,7997.666666666667,4.833333333333333,1.213
F4 2022 335,Testing,2024,5.943342274,457,81.66666666666667,89.33333333333333,22.85,434.1499999999999,71,104.33333333333333,33.333333333333336,428.3333333333333,0.9366154005459342,6.533333333333333,34.1,86.06666666666668,44.18666666666667,1403.75,4.93,8678.666666666666,5.166666666666667,1.239
F4 2022 339,Testing,2024,5.919515739333333,442.3333333333333,114.33333333333333,86.33333333333333,22.116666666666667,420.21666666666664,65.66666666666667,108,42.333333333333336,414.6666666666667,0.935039660259042,7,31.566666666666666,85.5,44.99666666666666,1422.2,4.933333333333334,8632.666666666666,4.966666666666667,1.2493333333333334
F4 2022 341,Testing,2024,6.638246912666666,372,104.66666666666667,89.33333333333333,18.6,353.4,69.33333333333333,109,39.666666666666664,336.6666666666667,0.9038474519572588,7.233333333333333,32.233333333333334,85.60000000000001,45.21666666666667,1082.48,5.003333333333333,6516,5.333333333333333,1.2293333333333334
F4 2022 343,Testing,2024,4.162018840333333,464.6666666666667,168,92,23.233333333333334,441.43333333333334,73,104.33333333333333,31.333333333333332,427,0.9066972473391872,6.366666666666667,32.4,85.46666666666667,45.623333333333335,1351.7366666666667,4.953333333333333,8088.666666666667,6.366666666666666,1.2096666666666667
F4 2022 346,Testing,2024,7.004983348666666,317,81.66666666666667,88,15.85,301.15000000000003,68.33333333333333,109.33333333333333,41,291.3333333333333,0.9105923699109697,6.466666666666667,31.733333333333334,85.6,44.72,1291.0633333333333,4.733333333333333,7861.666666666667,5.7,1.2003333333333333
F4 2022 347,Testing,2024,6.54771185,403.6666666666667,149.33333333333334,90,20.183333333333334,383.48333333333335,72,103,31,382.6666666666667,0.9366577242712133,6.933333333333334,31.3,86.4,44.556666666666665,1183.8366666666666,4.66,7242,4.9,1.2243333333333333
F4 2022 356,Testing,2024,3.841460189333333,533.6666666666666,159.33333333333334,90.66666666666667,26.683333333333337,506.9833333333333,75.33333333333333,106.66666666666667,31.333333333333332,496.6666666666667,0.9301181200418173,6,32.03333333333333,85.1,44.45666666666666,1055.5033333333333,4.993333333333333,6470.666666666667,5.9,1.2083333333333333
F4 2022 357,Testing,2024,4.791696026666667,574.3333333333334,172.33333333333334,92,28.71666666666667,545.6166666666667,75.33333333333333,103,27.666666666666668,549,0.9576963214620726,6.266666666666667,32.83333333333333,86,44.07333333333333,1185.3033333333333,5.193333333333333,7332.666666666667,5.366666666666667,1.213
F4 2022 359,Testing,2024,4.413936223666667,468.3333333333333,119.66666666666667,95,23.416666666666668,444.9166666666667,72,104.33333333333333,32.333333333333336,433.3333333333333,0.925095116756492,6.033333333333333,32.53333333333333,85.6,44.47,1203.4033333333332,4.946666666666667,7393,5.633333333333333,1.2036666666666667
F4 2022 366,Testing,2024,4.860298593666666,475.3333333333333,173.66666666666666,85,23.766666666666666,451.56666666666666,72,105.33333333333333,33.333333333333336,450.3333333333333,0.9416175695916142,6.933333333333334,32.06666666666666,85.9,44.67666666666667,1320.19,4.913333333333333,8058.666666666667,5.966666666666667,1.2153333333333334
F4 2022 383,Testing,2024,5.1420057843333336,391,87,89,19.55,371.45,70.33333333333333,108,37.666666666666664,365,0.9301684980271568,6.366666666666666,33.06666666666667,86.1,43.04666666666667,950.39,4.586666666666667,5971.666666666667,4.8,1.2656666666666667
F4 2022 384,Testing,2024,5.897825057666667,445.6666666666667,124,92,22.28333333333333,423.3833333333333,67.33333333333333,104.33333333333333,37,414.6666666666667,0.9241597586944863,6.466666666666667,31.766666666666666,86.06666666666666,43.980000000000004,1358.2833333333333,5.08,8466.666666666666,5.066666666666666,1.191
F4 2022 395,Testing,2024,6.534306534333333,415,100,88.66666666666667,20.75,394.24999999999994,65.66666666666667,105.33333333333333,39.666666666666664,395.3333333333333,0.945766361288242,6.533333333333333,33.06666666666666,86.5,44.18333333333334,1232.7833333333333,4.903333333333333,7604.666666666667,5.1,1.2306666666666668
F4 2022 396,Testing,2024,5.716975204666666,418,113.33333333333333,95,20.900000000000002,397.09999999999997,71,103,32,398.3333333333333,0.9493040990813459,6.733333333333333,31.633333333333336,85.13333333333334,44.95,1146.28,4.8500000000000005,6969.666666666667,5.866666666666667,1.2013333333333334
F4 2022 400,Testing,2024,7.262125466666666,409.3333333333333,148.66666666666666,90.66666666666667,20.46666666666667,388.8666666666667,71,104.33333333333333,33.333333333333336,387.6666666666667,0.9475882880678573,6.666666666666667,31.833333333333332,86.5,43.50666666666667,1176.8033333333333,4.796666666666667,7378,4.5,1.265
F4 2022 424,Testing,2024,5.93765879,486.6666666666667,166,86.33333333333333,24.333333333333336,462.3333333333333,69.33333333333333,100.66666666666667,31.333333333333332,469.3333333333333,0.9663146525462414,6.3,32.86666666666667,86.33333333333333,44.28666666666667,1359.2233333333334,4.983333333333333,8376,5.2,1.233
F4 2022 425,Testing,2024,5.382243605,297,81,86.66666666666667,14.85,282.15,71,105.66666666666667,34.666666666666664,279.3333333333333,0.9353172804311793,6.533333333333333,31,85.16666666666667,46.29,1222.09,5.3133333333333335,7151,5.133333333333333,1.1806666666666668
F4 2022 426,Testing,2024,6.329094475333333,359.3333333333333,87.33333333333333,98,17.96666666666667,341.3666666666666,71,106.66666666666667,35.666666666666664,329.6666666666667,0.9133117416338202,6.966666666666667,31.866666666666667,86.16666666666667,41.803333333333335,1537.4633333333334,4.99,10039.333333333334,4.8,1.241
F4 2022 429,Testing,2024,1.8156938603333332,366,128.66666666666666,89.33333333333333,18.3,347.70000000000005,79,110.33333333333333,31.333333333333332,325.6666666666667,0.8959607633483759,6.5,31.933333333333334,87.2,41.76,209.31,4.55,1315,4.633333333333333,1.256
F4 2022 430,Testing,2024,7.3055615099999995,305,72.66666666666667,88,15.25,289.75,71,106.66666666666667,35.666666666666664,285,0.9305416861995528,6.433333333333334,31.533333333333335,85.6,44.14333333333333,1286.1166666666666,4.99,7937.333333333333,5.566666666666666,1.2083333333333333
F4 2022 431,Testing,2024,8.103234550666667,328.3333333333333,69.66666666666667,93,16.416666666666668,311.91666666666663,68.33333333333333,106.66666666666667,38.333333333333336,305.3333333333333,0.928914093188103,7.166666666666667,31.866666666666667,87.16666666666666,42.31,1189.1166666666666,4.97,7665,4.533333333333333,1.2596666666666667
F4 2022 432,Testing,2024,7.309655278,418.6666666666667,113.33333333333333,87.66666666666667,20.933333333333334,397.7333333333333,69.33333333333333,109.33333333333333,40,386.6666666666667,0.912948020313157,6.366666666666667,31.433333333333334,86.3,44.233333333333334,1084.1366666666668,4.88,6697.666666666667,4.7,1.2610000000000001
F4 2022 433,Testing,2024,5.603670547666667,381.6666666666667,93,94.33333333333333,19.083333333333332,362.5833333333333,68.33333333333333,105.33333333333333,37,361.3333333333333,0.937658340344432,7.4,31.066666666666666,86.33333333333333,43.906666666666666,1145.3666666666666,4.95,7106,4.9,1.2349999999999999
F4 2022 435,Testing,2024,6.161360489,473,159.33333333333334,87.66666666666667,23.650000000000002,449.34999999999997,73,105.66666666666667,32.666666666666664,447.3333333333333,0.9389359425944792,6.133333333333334,32.266666666666666,85.96666666666667,43.86333333333334,1084.2333333333333,5.483333333333333,6773.333333333333,5,1.1833333333333333
F4 2022 436,Testing,2024,6.7498523556666665,373.6666666666667,112.66666666666667,85,18.683333333333334,354.98333333333335,72,106.66666666666667,34.666666666666664,354.6666666666667,0.9316548329408146,7.366666666666666,31.700000000000003,85.2,45.71333333333333,1102.2533333333333,4.98,6516.333333333333,5.233333333333333,1.2043333333333333
F4 2022 443,Testing,2024,6.547100969,489,181,90.66666666666667,24.45,464.55,72,100.66666666666667,28.666666666666668,465,0.9518587508357329,7.7,30.833333333333332,86.76666666666667,43.66,1389.2033333333334,5.033333333333333,8708.666666666666,4.766666666666667,1.2356666666666667
F4 2022 450,Testing,2024,0.639582006,270.6666666666667,110,92,13.533333333333335,257.1333333333333,81,104.33333333333333,23.333333333333332,256.3333333333333,0.9237986647911893,6.5,33.1,87.2,45.55,NA,4.77,NA,5.1,1.206
F4 2022 456,Testing,2024,4.208522383333333,470,134.66666666666666,89.33333333333333,23.5,446.5,68.33333333333333,104.33333333333333,36,439.6666666666667,0.9230245018666854,6.633333333333334,30.733333333333334,84.9,43.81333333333333,1175.9733333333334,4.58,7347.666666666667,5.3,1.2623333333333333
F4 2022 459,Testing,2024,4.707174123,366,91.66666666666667,87.66666666666667,18.3,347.7,73,106.66666666666667,33.666666666666664,341.6666666666667,0.9297058951508183,6.366666666666666,33.36666666666667,86.46666666666667,43.78666666666666,1275.4033333333332,4.8966666666666665,7952.333333333333,4.6,1.2790000000000001
F4 2022 461,Testing,2024,7.177106667666667,348,74.66666666666667,92,17.400000000000002,330.59999999999997,71,106.66666666666667,35.666666666666664,314,0.8979473449352967,6.966666666666667,32.53333333333333,85.6,44.556666666666665,1452.8,4.963333333333333,8890,4.966666666666667,1.2446666666666668
F4 2022 464,Testing,2024,7.2026618246666665,334.3333333333333,84,86.33333333333333,16.71666666666667,317.6166666666667,72,102,30,318.6666666666667,0.9537205192730339,6.433333333333334,33.36666666666667,86.23333333333333,45.63,1240.9933333333333,4.883333333333334,7408,5.166666666666667,1.2253333333333334
F4 2022 466,Testing,2024,5.567785463,455.3333333333333,136.33333333333334,89.33333333333333,22.76666666666667,432.5666666666666,73,99.33333333333333,26.333333333333332,435.3333333333333,0.9573042337861236,7.333333333333333,32.833333333333336,86.86666666666666,44.33,1414.6933333333334,5.213333333333334,8708.333333333334,4.833333333333334,1.2406666666666666
F4 2022 467,Testing,2024,5.708842531666667,367.6666666666667,74.66666666666667,96,18.383333333333333,349.2833333333333,72,103,31,347.6666666666667,0.9427036531153804,6.333333333333333,30.466666666666665,84.5,45.86,1194.6233333333334,4.906666666666666,7090.666666666667,5.966666666666667,1.1986666666666668
F4 2022 468,Testing,2024,5.0597065526666665,331,70.66666666666667,91.66666666666667,16.55,314.45,72,105.66666666666667,33.666666666666664,300.3333333333333,0.9118867880255482,6.666666666666667,31.333333333333336,85.53333333333333,44.089999999999996,1103.5866666666666,4.6466666666666665,6818.333333333333,5.9,1.218
F4 2022 469,Testing,2024,6.316672623333333,443.6666666666667,116,86.33333333333333,22.183333333333334,421.4833333333333,71,99.33333333333333,28.333333333333332,429.3333333333333,0.9692133541301173,6.933333333333334,31.366666666666667,85.56666666666666,43.32,1162.3933333333334,4.576666666666667,7317.333333333333,5.033333333333333,1.242
F4 2022 473,Testing,2024,4.67919578,452.6666666666667,105.33333333333333,85,22.633333333333333,430.03333333333336,71,104.33333333333333,33.333333333333336,430.3333333333333,0.9450507531462411,6.733333333333333,30.96666666666667,85,45.06,1248.5466666666666,4.763333333333334,7574.666666666667,5.066666666666666,1.2113333333333334
F4 2022 477,Testing,2024,6.839374474666666,506.3333333333333,138.33333333333334,90.66666666666667,25.316666666666666,481.01666666666665,71,99.33333333333333,28.333333333333332,489.6666666666667,0.9642932522192562,7.3,31.166666666666668,85.63333333333334,46.81666666666666,1456.1833333333334,5.1466666666666665,8481.666666666666,5.1,1.1786666666666668
F4 2022 479,Testing,2024,6.074993617333334,367.3333333333333,68,97.33333333333333,18.366666666666667,348.96666666666664,68.33333333333333,109,40.666666666666664,332.3333333333333,0.9019498535148568,7.066666666666666,31.666666666666668,85.6,43.986666666666665,1177.8133333333333,4.9366666666666665,7302.333333333333,5.3,1.244
F4 2022 480,Testing,2024,4.900229776333333,444.3333333333333,122.33333333333333,83.66666666666667,22.21666666666667,422.1166666666667,69.33333333333333,106.66666666666667,37.333333333333336,418,0.9299408983451537,7.6,30.266666666666666,85.86666666666667,45.623333333333335,1507.1833333333334,4.946666666666666,9026,5.366666666666667,1.2043333333333333
F4 2022 491,Testing,2024,6.8786820440000005,524.6666666666666,182,87.66666666666667,26.233333333333334,498.43333333333334,69.33333333333333,106.66666666666667,37.333333333333336,492.3333333333333,0.9342235688508754,6.8,32.666666666666664,85.83333333333333,45.43666666666667,1290.86,5.256666666666667,7741,5.4,1.1863333333333332
F4 2022 492,Testing,2024,6.076042902,353.3333333333333,95,90.66666666666667,17.666666666666668,335.66666666666663,68.33333333333333,106.66666666666667,38.333333333333336,328.3333333333333,0.9303771931927637,6.5,30.96666666666667,86.16666666666666,42.32,1316.8833333333334,4.596666666666667,8511.666666666666,5.233333333333333,1.228
F4 2022 497,Testing,2024,6.383973900333333,352,86.33333333333333,98,17.6,334.4,73,102,29,331.3333333333333,0.9422177594645329,6.7,30.833333333333332,85.53333333333333,43.513333333333335,1350.11,4.996666666666667,8451.666666666666,5.5,1.202
F4 2022 498,Testing,2024,6.001058770666666,445.6666666666667,166,92,22.28333333333333,423.3833333333333,73,103,30,423,0.9440636666997059,6.8,31.53333333333333,86.6,44.583333333333336,1407.55,4.883333333333334,8602.666666666666,5.066666666666666,1.2103333333333335
F4 2022 499,Testing,2024,6.441776027333334,399.6666666666667,110.33333333333333,93.66666666666667,19.983333333333334,379.68333333333334,72,106.66666666666667,34.666666666666664,371,0.9310028841011136,7.533333333333333,31,85.56666666666666,44.336666666666666,1292.31,5.17,7952.333333333333,5.433333333333334,1.149
F4 2022 502,Testing,2024,4.244852920333334,494.6666666666667,142.33333333333334,86.33333333333333,24.733333333333334,469.93333333333334,71,105.33333333333333,34.333333333333336,467,0.936447800806805,6.166666666666667,33.43333333333333,86.03333333333333,44.553333333333335,1279.2366666666667,4.733333333333333,7831.333333333333,5.566666666666666,1.2156666666666667
GA 230,Check,2024,6.37805653725,464.375,151.84375,90.96875,23.21875,441.15625,72.5,103.46875,30.96875,439.53125,0.9398130155416852,6.6875,31.05625,85.9625,41.5259375,1266.6028125,4.74,8322.875,4.971875,1.2595
PD05069,Check,2024,5.905178184107143,466.14285714285717,128.82142857142858,91.53571428571429,23.307142857142857,442.8357142857143,74.03571428571429,105.53571428571429,31.5,429.60714285714283,0.917433894457175,6.817857142857143,32.160714285714285,85.51428571428572,41.667142857142856,1188.232857142857,4.951785714285714,7785.035714285715,5.5,1.2321071428571428
